{"F1065C": {"ZeroPoint": 33.68843487468736, "WavelengthMean": 105978.29871270873, "WidthEff": 5996.546299691293}, "F1140C": {"ZeroPoint": 29.65890194692364, "WavelengthMean": 113068.73080144386, "WidthEff": 6078.106853691127}, "F1550C": {"ZeroPoint": 15.96035231306214, "WavelengthMean": 155135.1734493895, "WidthEff": 7028.013612075779}, "F2300C": {"ZeroPoint": 7.603296688627985, "WavelengthMean": 227000.39430516172, "WidthEff": 41652.96272952613}, "F182M": {"ZeroPoint": 825.2438045060136, "WavelengthMean": 18711.925211869202, "WidthEff": 1659.7202717740029}, "F187N": {"ZeroPoint": 794.2204320288363, "WavelengthMean": 18743.339145546935, "WidthEff": 235.95622746922473}, "F200W": {"ZeroPoint": 742.554807525302, "WavelengthMean": 20136.47392309533, "WidthEff": 3992.1757074578704}, "F210M": {"ZeroPoint": 689.3121628151398, "WavelengthMean": 20944.609725507235, "WidthEff": 2038.5607362901712}, "F212N": {"ZeroPoint": 674.9669416623178, "WavelengthMean": 21212.12952272772, "WidthEff": 274.83316326833216}, "F250M": {"ZeroPoint": 504.53182546161565, "WavelengthMean": 25228.908145706097, "WidthEff": 1793.3425625244079}, "F277W": {"ZeroPoint": 431.0523724418832, "WavelengthMean": 28562.553448237308, "WidthEff": 6566.796849780105}, "F300M": {"ZeroPoint": 368.62514923565294, "WavelengthMean": 30674.822899760456, "WidthEff": 3245.401189385377}, "F322W2": {"ZeroPoint": 342.1517680577106, "WavelengthMean": 32783.28036859347, "WidthEff": 13153.560048270336}, "F335M": {"ZeroPoint": 298.7788227771907, "WavelengthMean": 33647.94398037278, "WidthEff": 3496.0047602402824}, "F356W": {"ZeroPoint": 270.9315720561452, "WavelengthMean": 35800.12690039629, "WidthEff": 7688.009165809388}, "F360M": {"ZeroPoint": 260.1646469266396, "WavelengthMean": 36272.13847434766, "WidthEff": 3672.061746586601}, "F410M": {"ZeroPoint": 208.8245542702734, "WavelengthMean": 40843.5378576922, "WidthEff": 4364.293554864528}, "F430M": {"ZeroPoint": 190.63154581445804, "WavelengthMean": 43126.92708160965, "WidthEff": 2255.8417969394777}, "F444W": {"ZeroPoint": 185.54247610134826, "WavelengthMean": 43966.58052368351, "WidthEff": 9792.540152982492}, "F460M": {"ZeroPoint": 164.03557205539911, "WavelengthMean": 46845.43132093403, "WidthEff": 2262.6958801779338}, "F480M": {"ZeroPoint": 153.6908394863182, "WavelengthMean": 48132.23183046273, "WidthEff": 2853.9438745107645}}